est,lower,upper
11.42793231134694,8.005640088,17.41694370220408
