est,lower,upper
9.71678619967347,8.005640088,13.424269441632653
