est,lower,upper
10.287168236897958,8.005640088,17.131752683591834
