est,lower,upper
11.142741292734694,8.005640088,17.41694370220408
